file,bytes,sha256,license_review
LICENSES/Apple-IEEE.txt,1830,ed8a7cf4b8c756b3309a2f64c5478191804fe9e5bd990ff5128bbbd3747db985,Manual provenance review; no recognized notice in file
COPYING.txt,18092,8177f97513213526df2cf6184d8ff986c675afb514d4e68a404010521b880643,GPL-v2 notice; combined-distribution review required
LICENSES/Original-project-license.txt,304,995a2b2f5a7fe7c062be049dfca11b8bd46ee8d94f88a1d617a0796601358886,Manual provenance review; no recognized notice in file
LICENSES/PROVENANCE.md,2887,78c5c1676e092969c45134bb074cf520bdbe3fc114ca5d188cee7f66750b2790,Manual provenance review; no recognized notice in file
LICENSES/Rustwii.txt,1069,b6166366f2b10ac305dd598769c099165d5ab82637d871a5dac64a183bb85377,Manual provenance review; no recognized notice in file
LICENSES/SHA1-FPL.txt,702,2a147c48b8645d808731c27373c4863417162f4f7a562c4bff7a4f86eccb05a2,Manual provenance review; no recognized notice in file
LICENSES/libogc.txt,2550,386b57f32d87ed0c3a04ef54ad8a43c8b307d6a72ce5339fdce1c2957640c29c,Permissive renderer/TinyXML-style notice; origins still reviewed
Makefile,8083,f456f6c7e35146ae266c59f7c6a67baa3595877e4a0630ccd4d6a8140d79adb1,Manual provenance review; no recognized notice in file
source/Animator.cpp,7913,309a005e49d0f7b05190a1851ac3130bbad86b07443cad813b53348d50bb903e,Permissive renderer/TinyXML-style notice; origins still reviewed
source/Animator.h,3997,cefb95803ee4f871af6a62fc81dced2d8aa05e95cfe14cbdc1f50880e18a8db5,Permissive renderer/TinyXML-style notice; origins still reviewed
source/Banner.cpp,129655,dd6e0dd4be0d298dd892be332d28075360bb627122f4d6f4d3c37715f37265c9,Permissive renderer/TinyXML-style notice; origins still reviewed
source/Banner.h,5922,a244f5eda00cd9aedf1f1c3fdbd2a78c85d6d9d7f1b42d2d1f36ce7d08d3184e,Permissive renderer/TinyXML-style notice; origins still reviewed
source/Layout.cpp,23217,a9bfc5bf40522c711cfd07b433e3f9d8ed6f1c70eb14182f4539efdbef76e3a7,Permissive renderer/TinyXML-style notice; origins still reviewed
source/Layout.h,5712,a65d565373cd905198507d5363018a5a27299ee0e1c4429976c95f0bfe014983,Permissive renderer/TinyXML-style notice; origins still reviewed
source/Material.cpp,17808,ae52df3e0e59860d842dc65699517624cd408979ccfe77594c64078c148bc014,Permissive renderer/TinyXML-style notice; origins still reviewed
source/Material.h,6252,23b029214ad0acd9511179a6a33beb6e98ea8cde38dacf2db4bac16b33a0a169,Permissive renderer/TinyXML-style notice; origins still reviewed
source/ModernWSM/TinyFont.h,502,3a697060cbeb760b41e5a3e14ff2c61d83eb48f8011084a95cac0e6e940ca709,Manual provenance review; no recognized notice in file
source/Pane.cpp,14626,f91c1323155f31aff6a9eb675240e7ebcb09afe661c958c68d9588df3b239d98,Permissive renderer/TinyXML-style notice; origins still reviewed
source/Pane.h,6371,db73e73c3095c9e7950725b51826e500fd5a6c58b103a3adba5f614fc57a3b22,Permissive renderer/TinyXML-style notice; origins still reviewed
source/Picture.cpp,1037,f54bef4bb84a6fc113b1339a479518b680398f052e4abd5363a62db7b1698e40,Permissive renderer/TinyXML-style notice; origins still reviewed
source/Picture.h,1151,5e247372ee0703395789cc639b2740a1b3d8f4d8a748d36109f88ff38b432f8c,Permissive renderer/TinyXML-style notice; origins still reviewed
source/QuadPane.cpp,3805,5c0d4ecf3cf1df77aca5024de68dec5540f5cf76cebe185783c05f556eacd193,Permissive renderer/TinyXML-style notice; origins still reviewed
source/QuadPane.h,2740,366c67c190643fa5131bc931924147592a14341b8f69d7d9fca9b6bc89bec0e4,Permissive renderer/TinyXML-style notice; origins still reviewed
source/SaveData/bannerbin.cpp,4728,40dcc64eb6abf85d913b2b0da80cb3e13224800ebb5baf20c7d1832d1744c6f5,Permissive renderer/TinyXML-style notice; origins still reviewed
source/SaveData/bannerbin.h,2883,776d9df7c674d3766435ac4bce54720e63ce84eca4111e8eb564cf3ca2dcf2a9,Permissive renderer/TinyXML-style notice; origins still reviewed
source/SaveData/contentbin.cpp,10036,9ce3ea30fa42cd765069d712592461d5dc7dc9044849c9891a4de5a6805bb5cf,Permissive renderer/TinyXML-style notice; origins still reviewed
source/SaveData/contentbin.h,1804,aabaa8c4c2969235475caa3e8d2b86e212555a930ef1b90011349d8054bf6d3a,Permissive renderer/TinyXML-style notice; origins still reviewed
source/SaveData/databin.cpp,7240,cf59aaed01f983c634845865f85520f388e5173a28fd8f1b1ce447d7503e177b,Permissive renderer/TinyXML-style notice; origins still reviewed
source/SaveData/databin.h,2260,fde83b551860ce111a49f1d1034a3f48a953428455a6367b97d2b22a48117845,Permissive renderer/TinyXML-style notice; origins still reviewed
source/SaveData/savelist.cpp,3689,36f0e74fe5a10e19aef2507785123fdefe6c78d1076d19b25f4a0b77dc29afc4,Permissive renderer/TinyXML-style notice; origins still reviewed
source/SaveData/savelist.h,1074,4a9414eebf328a6e8c109591896bf99a729bd8d56c669352afa8f6179d26b55f,Permissive renderer/TinyXML-style notice; origins still reviewed
source/SaveData/sdcontentcrypto.cpp,23377,e4d6391dcc2fc7f591094599b7104a31a938ccbc0d55581c43aedfacd7c849a6,Permissive renderer/TinyXML-style notice; origins still reviewed
source/SaveData/sdcontentcrypto.h,2288,38363024b887a53376b9a8f76ec3c51f600c5376c1e662f10a46a9c4b8638102,Permissive renderer/TinyXML-style notice; origins still reviewed
source/SoundOperations/AifDecoder.cpp,5704,a54f90c9b02be9b37b0ff5b215149ad9a361cca35643df816854d01e0424f775,Permissive renderer/TinyXML-style notice; origins still reviewed
source/SoundOperations/AifDecoder.hpp,1593,5a4037ddbf871a42f2580afc8b3bcdd033cb67a7412ebb2c2557f13e98b2b3dc,Permissive renderer/TinyXML-style notice; origins still reviewed
source/SoundOperations/BNSDecoder.cpp,12866,5e9c0b7e1f05219d6323e69c2e783cdc7c6f51a7ea56586139663f47065f2c76,Permissive renderer/TinyXML-style notice; origins still reviewed
source/SoundOperations/BNSDecoder.hpp,1686,fc8c3a100699fb295e0a17f1742b5caf878b2808471b3d25e688251658732f47,Permissive renderer/TinyXML-style notice; origins still reviewed
source/SoundOperations/BufferCircle.cpp,3050,c4ed86753e3ac900ad598fc69b217de6f6568f61a25024e1f809ba5a19e28b8b,Permissive renderer/TinyXML-style notice; origins still reviewed
source/SoundOperations/BufferCircle.hpp,3602,cc066b6037a506f3e58bfeb6782edaac1b3576acf6a7fae90a80f0481455659d,Permissive renderer/TinyXML-style notice; origins still reviewed
source/SoundOperations/SoundDecoder.cpp,7096,cd969cb984044c8acdce8b5cc585514d877b129814911582c5c8bbd086dd978a,Permissive renderer/TinyXML-style notice; origins still reviewed
source/SoundOperations/SoundDecoder.hpp,3734,d4c8699bea22751b55d78db5554b7f877f55de975d11fd20bbf88026826828e3,Permissive renderer/TinyXML-style notice; origins still reviewed
source/SoundOperations/SoundHandler.cpp,4111,e213937cdc22e510a4e045ee315abfd87c56a5ea15ba666691e91c4d6d45afce,Permissive renderer/TinyXML-style notice; origins still reviewed
source/SoundOperations/SoundHandler.hpp,2166,87578ce074b0798a3c2a68603c17b92a9743ac0bf91323c6d636f486fb5063e2,Permissive renderer/TinyXML-style notice; origins still reviewed
source/SoundOperations/WavDecoder.cpp,5423,19f67397dbe3a3421db38defaca74b53b951a8e9d15f99cdf630eb19ea85a356,Permissive renderer/TinyXML-style notice; origins still reviewed
source/SoundOperations/WavDecoder.hpp,1911,45a3635a1da3a0fae7fc210e3fdd407af0fd3e91b91c895e17147e8330c25a4b,Permissive renderer/TinyXML-style notice; origins still reviewed
source/SoundOperations/audio.cpp,907,707fe880188df6002626a047f10644d014439be14a19f3f6b3921da0d101dd53,Manual provenance review; no recognized notice in file
source/SoundOperations/audio.h,311,c12bd22639fe56236d6838af0d434cbe7c6218e14b5bc6fd6413b51a47cce168,Manual provenance review; no recognized notice in file
source/SoundOperations/gui_sound.cpp,5865,ab969684f336363e5f0fcc7763ce8d4087fa4aa6baf2be3794cbdc877059d5f6,Permissive renderer/TinyXML-style notice; origins still reviewed
source/SoundOperations/gui_sound.h,2727,9d81dc92c62d7f71b285fd7b66205bd26a56432574162e354012b134cfba9db2,Permissive renderer/TinyXML-style notice; origins still reviewed
source/SystemMenu/BannerAsync.cpp,25902,9f2f0fafef5e1ed93b8ca0eb69aafa017a73452e0ae0dc71a79037cd331062bf,Permissive renderer/TinyXML-style notice; origins still reviewed
source/SystemMenu/BannerAsync.h,3518,846f49c4df6877b7f78630949d47d1d19617f0223bb3bb727b4c3d4634f9b315,Permissive renderer/TinyXML-style notice; origins still reviewed
source/SystemMenu/Inputs.cpp,17297,daff07d261cae76144f41f5383b554b947629e8572698cf81ae3f30692747139,Manual provenance review; no recognized notice in file
source/SystemMenu/Inputs.h,5675,e711653f326a5ac1048636bc532ee2347d6adc0bf8beea7acb04347abfc583b0,Manual provenance review; no recognized notice in file
source/SystemMenu/SystemFont.cpp,3008,009ee205a94f69153731aa26513673edd6824b8c2df1706fd0511fc603ea077f,Permissive renderer/TinyXML-style notice; origins still reviewed
source/SystemMenu/SystemFont.h,1615,2ce7c9eb24b84ee09ca03c714f6f5fc8aeaca5cc6663a6119f9fe95524e895ee,Permissive renderer/TinyXML-style notice; origins still reviewed
source/SystemMenu/SystemMenuResources.cpp,22543,c4fb893de3ed53653ccf546f1d6989ae935d597fbe6fa137963db9073bce531a,Permissive renderer/TinyXML-style notice; origins still reviewed
source/SystemMenu/SystemMenuResources.h,6191,68579c18ee69018e9d3b36afd0a73adf5c82745856fb2a216ac64401426b10e5,Permissive renderer/TinyXML-style notice; origins still reviewed
source/SystemMenu/WiiCursors.cpp,3102,220f57c5cb30eded9746365cc379ccbbece04fcbbd75066c6ab91b49caa9cff1,Permissive renderer/TinyXML-style notice; origins still reviewed
source/SystemMenu/WiiCursors.h,1493,8a78ce0ba26092e55a19386801a37d15fb4ec38f150007e7e8ca46864530621d,Permissive renderer/TinyXML-style notice; origins still reviewed
source/SystemMenu/agreementviewer.cpp,1364,e2b097d3fad40b6809e1b0f7688267ff908ef414a3d21211d3c36e855bf3659f,Manual provenance review; no recognized notice in file
source/SystemMenu/agreementviewer.h,536,c41f9afbb9e11f0a50a4cd7e3d28ce183e2842ce2ca030dcbff9357f3563bc0f,Manual provenance review; no recognized notice in file
source/SystemMenu/appsettingsscreen.cpp,195344,2561ec794a8d6459a5419778625dfd7d26a70957f27a13f73f18d20231713e9d,Manual provenance review; no recognized notice in file
source/SystemMenu/appsettingsscreen.h,9502,b6a3a87dd4b3f3f0cf6e650b55abc0db6fe70044723528610021865722a0f4dc,Manual provenance review; no recognized notice in file
source/SystemMenu/bannerframe.cpp,8081,1e833841d8401b664a3d966ab6e25fb2b34c49820decd00371b2b99990dba7ca,Permissive renderer/TinyXML-style notice; origins still reviewed
source/SystemMenu/bannerframe.h,2153,fc0de179a98a8da3b3c0b6c4d12d0f2cb5b822b7edef179a04e2bd7a6850ab8d,Permissive renderer/TinyXML-style notice; origins still reviewed
source/SystemMenu/bannerlist.cpp,25125,821f5ca679060ff5d73e2d574445a07588aa2d02694d9ac8eceef9f15da65696,Permissive renderer/TinyXML-style notice; origins still reviewed
source/SystemMenu/bannerlist.h,2734,7627a87a00c0448e5dee87e6731442db798040ed44a933e1025b3df4165ff8da,Permissive renderer/TinyXML-style notice; origins still reviewed
source/SystemMenu/bmg.cpp,95711,2fafedb189db19f5fc32c1916f6f06d16b46515e2183bb44517e2ac4b9517965,Permissive renderer/TinyXML-style notice; origins still reviewed
source/SystemMenu/bmg.h,2904,55e9e3d022091bcf0e1fef24a4381a897ab1f37740ce438968cac32e2869dfb0,Permissive renderer/TinyXML-style notice; origins still reviewed
source/SystemMenu/button.cpp,10172,dacb7b9a6cac7d2b3b4fe10d85a2a5e01c58425a606284f2286e208804f8bf54,Permissive renderer/TinyXML-style notice; origins still reviewed
source/SystemMenu/button.h,4361,e729eb401d83ae1ab0ed1872babbe8157426644ae64c61c27098f4d3b9babc85,Permissive renderer/TinyXML-style notice; origins still reviewed
source/SystemMenu/buttoncoords.cpp,8279,a1693b2928c0037760b204100d0fde4154b3ef349f12c9aac315504bdcaa15ea,Permissive renderer/TinyXML-style notice; origins still reviewed
source/SystemMenu/buttoncoords.h,3134,56ec8fec32d1c82d9421a3dbb9ff2c3b3661597b4ab0be1979aaaf913097db13,Permissive renderer/TinyXML-style notice; origins still reviewed
source/SystemMenu/buttonpanel.cpp,11931,9ec74ca3a1ac048c17b5c3185c9e08300b36b3b21f8a8b224fbf35bd2bf74394,Permissive renderer/TinyXML-style notice; origins still reviewed
source/SystemMenu/buttonpanel.h,2654,35c1ae2e5e8af26a40f83368caff037121eaa02de04ebdaff4eea86718a059e6,Permissive renderer/TinyXML-style notice; origins still reviewed
source/SystemMenu/channelarttranslations.cpp,5267,1d3d0270bee603a126c96b46d6606bba650a4e16e32ef704d17e173a15e0ec12,Manual provenance review; no recognized notice in file
source/SystemMenu/channelarttranslations.h,205,6e5c52f9ed3c7f3975d31679e7d9542795bde7d37e755394f9b5440f43c6ef6c,Manual provenance review; no recognized notice in file
source/SystemMenu/channeledit.cpp,28377,eff862def3e1a47debba98f51602705b8ab8a7eeef927574e79f9936bda2f25c,Permissive renderer/TinyXML-style notice; origins still reviewed
source/SystemMenu/channeledit.h,4901,74d9d3c4675c09cc21aec0b1802158d819ec8ee041b6ee98f83fc0eb12416c29,Permissive renderer/TinyXML-style notice; origins still reviewed
source/SystemMenu/channelgrid.cpp,38866,e1a9847d6430aafb9f3776e01a3285b2a2485017127a77d918b8b2ddf974aaef,Permissive renderer/TinyXML-style notice; origins still reviewed
source/SystemMenu/channelgrid.h,6355,a913d51f54be554626851ce0ef3cb94543a18ee75564f7b8169b79350aa445ea,Permissive renderer/TinyXML-style notice; origins still reviewed
source/SystemMenu/dialogwindow.cpp,17903,4fb63d57527808f7d8d79131d932c5f24e2f3158f024bedc3d8c7eff2d4172c8,Permissive renderer/TinyXML-style notice; origins still reviewed
source/SystemMenu/dialogwindow.h,3265,e9265aa91914b624c86155c7fc1de6d97a4033a9a2a2438b797749b4a9ecb767,Permissive renderer/TinyXML-style notice; origins still reviewed
source/SystemMenu/dihandler.cpp,14516,fc49cadc4e378e416969be1c766a7e6eacf5dd7938dc8add30ba776f1e9b60ac,Permissive renderer/TinyXML-style notice; origins still reviewed
source/SystemMenu/dihandler.h,2774,5776d8cf202a6c74f094d305323d49ec6793792389d449210fbb3f30d6a9e008,Permissive renderer/TinyXML-style notice; origins still reviewed
source/SystemMenu/discchannel.cpp,10558,7e7977b4c8135a10e3caff9ae9a84c77b1575293e56552e6a2d78364bb030fd9,Permissive renderer/TinyXML-style notice; origins still reviewed
source/SystemMenu/discchannel.h,2648,e1760e7e193677e759156ca28f4be86c597a2f96d400df47138850eae9970a57,Permissive renderer/TinyXML-style notice; origins still reviewed
source/SystemMenu/discchannelicon.cpp,3823,7a6bacb40b100364a0898051242e4f2fa4aeda025f2a65b6b46299241d8c97f0,Permissive renderer/TinyXML-style notice; origins still reviewed
source/SystemMenu/discchannelicon.h,1810,fd6abda3e1583a547c0015a2ab2b96bd443bffa0833ae3fa67a17863ec63b015,Permissive renderer/TinyXML-style notice; origins still reviewed
source/SystemMenu/fatalerrordialog.cpp,1646,fbb58f6a12e710dcb691fc96a0a8b49889c634e89c9e437fb6cc0cf85ed4ec1a,Permissive renderer/TinyXML-style notice; origins still reviewed
source/SystemMenu/fatalerrordialog.h,1673,5ba646626340f886c60f1807f3635cd6266764445dfbe706e0ce7dea563209e5,Permissive renderer/TinyXML-style notice; origins still reviewed
source/SystemMenu/freecamerapreview.cpp,2444,d8532d7d63c6ad1d6d7e3442dbc0965df45887bd486fe1df9572a4b85c7e021f,Manual provenance review; no recognized notice in file
source/SystemMenu/freecamerapreview.h,635,9c0e5355870ce77d2babc1e0ca0530ace6cd2c8157fbd18166b200a501749ae2,Manual provenance review; no recognized notice in file
source/SystemMenu/freecameratools.cpp,12470,82df8033524e874ba33b8606da73bd775933ed83f89ea299176d6e897b91cbf9,Manual provenance review; no recognized notice in file
source/SystemMenu/freecameratools.h,1630,7fe5757cba060b6978b4eb025d6fa98131633d70cfecfd45d9f1b0e35f7ea20a,Manual provenance review; no recognized notice in file
source/SystemMenu/gcbanner.cpp,1794,263d8a22e0e4f46fa03e0ea14886003946f5008aa17f1da29371f111272ec780,Permissive renderer/TinyXML-style notice; origins still reviewed
source/SystemMenu/gcbanner.h,1307,2a88a2b919f58586054c078aea82dce61a4bea0dd0563ddc3f955313f03643d5,Permissive renderer/TinyXML-style notice; origins still reviewed
source/SystemMenu/greybackground.cpp,2641,e7bb260b3540c46765ff927a59525be7b8e5b3fe706cc791cde6d4e27b49c26a,Permissive renderer/TinyXML-style notice; origins still reviewed
source/SystemMenu/greybackground.h,1839,c2d532da084d5f8df67be74937e71fc3bb5ac94a9b0f59d86f6a6df34332e565,Permissive renderer/TinyXML-style notice; origins still reviewed
source/SystemMenu/healthscreen.cpp,6502,f8ca0c40ec79f68d03c801be98c0b2bb089b1421704fad713d6220f36ee927c9,Permissive renderer/TinyXML-style notice; origins still reviewed
source/SystemMenu/healthscreen.h,2219,8cd51b8829e8e23f76e112652b4023599519897f64bd275f622d778fd3b8e193,Permissive renderer/TinyXML-style notice; origins still reviewed
source/SystemMenu/home_language_textures.inc,582,dbdbef0a67eb16149cc6b17b9d3e29a9d85298efafed035b8b7f24499fec2556,Manual provenance review; no recognized notice in file
source/SystemMenu/homemenu.cpp,39981,4313db67c5e6e1c19d99b15be4960cf925f21b8272ae9cd623f7ea94cab97e7b,Permissive renderer/TinyXML-style notice; origins still reviewed
source/SystemMenu/homemenu.h,3995,cd6676bbb2c46543f52b2ca6764896757d29ed0a62c94f0242845604191a89d1,Permissive renderer/TinyXML-style notice; origins still reviewed
source/SystemMenu/localization.cpp,46960,6601c1a8d300ebe10d42714146da0fe90feddc41ecd3bed0369ca02a4ca40bb3,Manual provenance review; no recognized notice in file
source/SystemMenu/localization.h,1324,a9fb6010032bc9e8bf3560ba9626feca4245e0bd7882e49a68882207123d96da,Manual provenance review; no recognized notice in file
source/SystemMenu/localization_catalogue.inc,362216,482f443c2c4a5f5018467056d3b8355816a64ec2c63eac59b6463fc04328450f,Manual provenance review; no recognized notice in file
source/SystemMenu/localization_channel_aliases.inc,107,7acb12ad778fc0a543281ac0f314e8c7a99ae23a7490f28a40f8106aaf880673,Manual provenance review; no recognized notice in file
source/SystemMenu/localization_channel_index.inc,337630,b036412c7f0cc9a05a497de43fc800b2854ceea719dfdb50dd2b361578bd64bb,Manual provenance review; no recognized notice in file
source/SystemMenu/localization_extra.inc,8946,d6a88b6af116363338c48e26314c2d8456e36f66cae1d834f25ac4cdf8fd19fd,Manual provenance review; no recognized notice in file
source/SystemMenu/localization_languages.inc,763,3183b4b781425ee2ad5b59a86e1c2db511cb81fbce0604f0dbeb1fa9c6b8732f,Manual provenance review; no recognized notice in file
source/SystemMenu/localization_updates.inc,11288,e54233a52ae93203747ea81608b631a5d1f9e0b1361c39a66a5d341bc6ad98e9,Manual provenance review; no recognized notice in file
source/SystemMenu/menuaudio.cpp,1812,3ff9fcd2e6ac9ebaf5a267b30c4e784c67f2570f87622e74a1fc89130d6a94b1,Manual provenance review; no recognized notice in file
source/SystemMenu/menuaudio.h,621,34518d225c2535ecce8cf2ea64edb0b26aac53541199ac04c5b0cdec225934cc,Manual provenance review; no recognized notice in file
source/SystemMenu/menufreecamera.cpp,4198,adfee4be88cdf70b011fa9e6071051cfd94dc8416d3fea544024c4022583b4f3,Manual provenance review; no recognized notice in file
source/SystemMenu/menufreecamera.h,1458,d95655045af189fcd3525f9f00d5b7dd0de2327e64bdb1a7b93428f0c49c53d7,Manual provenance review; no recognized notice in file
source/SystemMenu/menuhandler.cpp,98278,c1b99be6064f62da625f62a2afe2f489f68fa9492bf05f6341cfb2cd45615201,Permissive renderer/TinyXML-style notice; origins still reviewed
source/SystemMenu/menuhandler.h,7683,40797864c317d927918d4b43ca604f6d14575f0cd296313b6fd76c164dd188c3,Permissive renderer/TinyXML-style notice; origins still reviewed
source/SystemMenu/messageboarddate.h,952,02702e9259e37538e0ecfb6c9eccaddbbaef33e2f1a74f9b334f7b4fc7ee20c3,Manual provenance review; no recognized notice in file
source/SystemMenu/messageboardlive.cpp,11698,be78532a857351b60a97a76753c898047a46905496cd9da2582a85563ad84d21,Manual provenance review; no recognized notice in file
source/SystemMenu/messageboardlive.h,1295,19b666753a3374a98fa1c089aeb464fe0ed4e26390c716b22bb88bcc4918dca6,Manual provenance review; no recognized notice in file
source/SystemMenu/messageboardscreen.cpp,12736,468df2fcebc20ff7716c63f9035084e5d1f3a6e62867996a2f44df7b274c770a,Manual provenance review; no recognized notice in file
source/SystemMenu/messageboardscreen.h,1903,7e0991ae9c296377ed06ebbd9796dc5c19235d84656837dc136d99faf99dc96d,Manual provenance review; no recognized notice in file
source/SystemMenu/miiprofiles.cpp,2987,301368434ae1cb4e29766d7644ae16aef7b0a042f0cd5d24a5afb1150b73e41c,Manual provenance review; no recognized notice in file
source/SystemMenu/miiprofiles.h,592,0f5e565ce619aa5e5fb7983b499dddb626261a49eb11a47133ce48d79fa71ebc,Manual provenance review; no recognized notice in file
source/SystemMenu/nativechannelview.cpp,18935,fc9ab8405d63a6be23c1d7871190c1440465ec3e085ce6dedf57b1aa1b66089d,Manual provenance review; no recognized notice in file
source/SystemMenu/nativechannelview.h,1962,4828e8faa21f88b67e01cfe710ddbf16054228bd38838589df9d748cd33ca08a,Manual provenance review; no recognized notice in file
source/SystemMenu/object.cpp,7071,71121e786699b476282c7366aedfe47016b2e20780abe59d819e45674d415c7d,Permissive renderer/TinyXML-style notice; origins still reviewed
source/SystemMenu/object.h,4442,3f310483a7ba52c169a3fc614c0a8056fd9a1362bce25f19554d6680f40d8ca2,Permissive renderer/TinyXML-style notice; origins still reviewed
source/SystemMenu/playerupdate.cpp,14573,963a3c115bc94886f77de40beba3f87fac0cb7ed0c39546b53b54df30fb1177c,Manual provenance review; no recognized notice in file
source/SystemMenu/playerupdate.h,1224,ba7a46afb0432201d740d14591776e77bbcfc3f641f27ef3a50e83a938385206,Manual provenance review; no recognized notice in file
source/SystemMenu/renderinspection.cpp,9747,2137fdc0de5f7f1c9e6ff43cba8d691c394a978e7879dbb3de41a96997f92e7b,Manual provenance review; no recognized notice in file
source/SystemMenu/renderinspection.h,2247,bd712ad6e88043ae4087e9d9677c2627dcad40d811294ee8544e952d3487757c,Manual provenance review; no recognized notice in file
source/SystemMenu/savegrid.cpp,22300,7ce6a4c5706a806dfdffff9163c6204be072efc8f5b104cf37ec11f3e7e6d479,Permissive renderer/TinyXML-style notice; origins still reviewed
source/SystemMenu/savegrid.h,4650,13b042bd80d6f396c4e37e20fdfb934e1aef283d241e25e99740dc7be5a6dc5c,Permissive renderer/TinyXML-style notice; origins still reviewed
source/SystemMenu/settingsbg.cpp,1402,3cd68c93aaefdbf8ee8846abd032d7071ce5747e7b549addffc14d300b5395f5,Permissive renderer/TinyXML-style notice; origins still reviewed
source/SystemMenu/settingsbg.h,1317,6efd68593eca5e6749d96c758aaf777372e633c15100508d92aa61d7ca3bfa18,Permissive renderer/TinyXML-style notice; origins still reviewed
source/SystemMenu/settingsbtn.cpp,4030,3fa7de75ded195eb18a3f41ff85207db175bbe814868666e008df53030cb861f,Permissive renderer/TinyXML-style notice; origins still reviewed
source/SystemMenu/settingsbtn.h,1750,e7350f896a1bbc712cc7d86105d1209b29cf4ec013af8366a1a7e67891ef5097,Permissive renderer/TinyXML-style notice; origins still reviewed
source/SystemMenu/settingsselect.cpp,27489,4a2b1dd95519286211d8960a9dd12497dd1ad3b1673c290156af0c896635c52c,Permissive renderer/TinyXML-style notice; origins still reviewed
source/SystemMenu/settingsselect.h,4749,23a0f6ecb6352f4d5deee0c78d43ff345ec5ac3dcf94982c6beef9572e23c6fc,Permissive renderer/TinyXML-style notice; origins still reviewed
source/SystemMenu/systemmenuresource.cpp,2847,f0ed7a6083d6a29cfa4f435f1c6ba43374c9fab07fbcef548ba9e761b4e1e050,Permissive renderer/TinyXML-style notice; origins still reviewed
source/SystemMenu/systemmenuresource.h,2346,141711a06a23aff554805e22ade6f213158dea6d1615b1432670c871b2e37b7a,Permissive renderer/TinyXML-style notice; origins still reviewed
source/SystemMenu/themeui.cpp,11584,397764680228c8093350ad54177ea602ad389e3c768ebd46760b1b44131720f6,Manual provenance review; no recognized notice in file
source/SystemMenu/themeui.h,1143,9e9133bc11e5f1fb7b739958f7eb2369d8ec1bcffccba3df43236d9b8732eb6b,Manual provenance review; no recognized notice in file
source/SystemMenu/themeuicontrast.h,1271,e4ce1f803b1f812258afd133546c6aae0ca5369dee561063d8fb3b7a201bbede,Manual provenance review; no recognized notice in file
source/SystemMenu/themeuigeometry.h,357,2a462ffc5cbfb1231b76b570de259cb3adc9613a771fb647ac7802cc6477a2c2,Manual provenance review; no recognized notice in file
source/SystemMenu/tinyfont_impl.cpp,4429,8017d38ff77cfa144e4b5b2f64e7c8d58fd1938e809bc2707a205a032f928c2d,Manual provenance review; no recognized notice in file
source/SystemMenu/tooltip.cpp,1990,fde2d04bb7dffad401e90f9f9c444371b1b6dca0c166024b7f7152e158cde9f1,Permissive renderer/TinyXML-style notice; origins still reviewed
source/SystemMenu/tooltip.h,1577,3a206500f5e6f72e8f60f8da2aa83f1d92143892ce2af3277d7d3a244b7e31c7,Permissive renderer/TinyXML-style notice; origins still reviewed
source/SystemMenu/ui_font_glyphs.inc,20015,71a2cde79b1ffc4560e596f7131ebf641d5ad17ecea94f795621a8191168bba8,Manual provenance review; no recognized notice in file
source/SystemMenu/uifontfallback.cpp,2107,f028de2675370c06667cffec63ea98148004322e25aa635690b9963209ceea68,Manual provenance review; no recognized notice in file
source/SystemMenu/uifontfallback.h,322,55a3a9f90f9befaa69d827fd5fb5644418676422707d2d14255f8886f2f70768,Manual provenance review; no recognized notice in file
source/SystemMenu/wiihtmlcontent.cpp,9436,feec0e3453b5057e746ae887bf49be7eb4cbd4929ac0649d474acfd3019f6632,Manual provenance review; no recognized notice in file
source/SystemMenu/wiihtmlcontent.h,881,1c307834ec11a504221e689404ccf9c0e266e46a158ac7cd9faa0423f2986e10,Manual provenance review; no recognized notice in file
source/SystemMenu/wiiremoteinput.cpp,2104,79b7c165d096816fdb5807c8c27320f03ff37f5bc678920c55e47dd619aebcd3,Manual provenance review; no recognized notice in file
source/SystemMenu/wiiremoteinput.h,453,1021305b94ca4f384fc657a357467e3408ba1333460ddaec1db9c3d40fca6aa3,Manual provenance review; no recognized notice in file
source/SystemMenu/wiredusbmouse.cpp,6757,feb15fcb42beeed24bed6fba8efc1ecbf9d6040d12763263d5658e2ed93df909,Manual provenance review; no recognized notice in file
source/SystemMenu/wiredusbmouse.h,1241,18c08c46064a20029436059ccc6703c3d4ae1f77535249602e93a61f2fd48174,Manual provenance review; no recognized notice in file
source/SystemMenu/wsm_libogc_usbmouse.c,19773,d3eb6a71290ac43ffb3a31eca5db9de27df0a2f008908eb6c808fc96f4945f5c,Permissive renderer/TinyXML-style notice; origins still reviewed
source/SystemMenu/wsm_receiver_mouse.h,946,512cb493a71462403a34056cef739eedf42ef291854af7fb21e9f5efc5c37d2e,Manual provenance review; no recognized notice in file
source/SystemMenu/wsm_usbmouse_status.h,1105,180e8b3006350da77dc42706991000e346acc03ce0d9129090a198dc31a21ea8,Manual provenance review; no recognized notice in file
source/SystemMenu/wsm_usbtrace.c,4650,2101fe144e404b14838cc073a1125c8e44b770ea7a42c70b27f0846b043675f0,Manual provenance review; no recognized notice in file
source/SystemMenu/wsm_usbtrace.h,316,d64ca3407b9688ecc31795a3d3fbc1646a1495b32d61dde9997ee75afd178df0,Manual provenance review; no recognized notice in file
source/Textbox.cpp,15815,6805e3ab542ef1aec44e1f6e3e936fd3b81e2c546310e691dd97250bd3794546,Permissive renderer/TinyXML-style notice; origins still reviewed
source/Textbox.h,4556,91472e11b7110a89f3901d8942ae37b0edca2b3b5644d7d84fd9499622c05bee,Permissive renderer/TinyXML-style notice; origins still reviewed
source/Texture.cpp,8008,d9f66f8a4a0c331474dba5100a0dcad7ddbefbda3bd9573a6901b47ff224dfe9,Permissive renderer/TinyXML-style notice; origins still reviewed
source/Texture.h,2786,4c74b0d06db781891e188abc278dca7f92a88ff7d4436e7e52a9fb21be509267,Permissive renderer/TinyXML-style notice; origins still reviewed
source/WiiFont.cpp,12561,b5066587f704c30096997a57ec3f41c6f92dbd75c3890581b68513ee10aa38e1,Permissive renderer/TinyXML-style notice; origins still reviewed
source/WiiFont.h,5515,33f983d05df95821a50e563859785420ef32b5d8ea06c2d1be4711bf89706420,Permissive renderer/TinyXML-style notice; origins still reviewed
source/Window.cpp,12355,f49b0287d5019e3ee139882c8141d6794189daeed4efba4ab7bc6b2817202d7b,Permissive renderer/TinyXML-style notice; origins still reviewed
source/Window.h,2247,0502465d2df7695cfd4fd51bdf5d0a233930b36f5f40c4219c8956198078bcac,Permissive renderer/TinyXML-style notice; origins still reviewed
source/animation.cpp,14190,c0fc13f4e8ed28c7af0cbaa327f0cc95580cee08d669e322915dc59dd2a29df7,Permissive renderer/TinyXML-style notice; origins still reviewed
source/animation.h,3697,72e58d3fb6632fa4fed309fb3c68aba39aef08c5cf891ec384da289b706158d9,Permissive renderer/TinyXML-style notice; origins still reviewed
source/channelimageoverride.cpp,30577,e561b035464162360ad758c340d4a5cf102fd27d70f4203b31a17e2b8e981239,Manual provenance review; no recognized notice in file
source/channelimageoverride.h,2203,08725ee054eefff2dac0d1af1d501f57964ae44b0f592d01f79c937a8436050f,Manual provenance review; no recognized notice in file
source/channelpreviewconfig.cpp,15097,29f0abcc620351faed0c3fbccfd29dd900f2554a05f97c5c6f220ff049c24bca,Manual provenance review; no recognized notice in file
source/channelpreviewconfig.h,5572,75fbc3aa43b0c73d8098646f505bc3c1ca61b49e27c6534e3213068f03f2c027,Manual provenance review; no recognized notice in file
source/data/fake_forecast.bin,512,493eb023fc17143a15468a73d99247640ac93659ff522fad308e8ac495329b2f,Allowlisted original/Noto-derived asset; recorded separately
source/data/fake_news.bin,1772,89796129c43dd74c7a9d80a202663174ac84518468c31a8a77a75a4821e4b3e8,Allowlisted original/Noto-derived asset; recorded separately
source/data/fake_short_forecast.bin,60,51844dd93a25bc8ab67f2144012c7804abe8f28ff85ffe7653362765b3811100,Allowlisted original/Noto-derived asset; recorded separately
source/data/original_homebrew.bin,2272,47909fae964b846f6c41c790ad5b6acf93dcc16f98acdde89625628247c15a83,Allowlisted original/Noto-derived asset; recorded separately
source/data/ui_font_fallback.bin,1572864,8e5a8339310b1fa0c59a101006004670988e9a29103f40535bfc7798f7fb92bc,Allowlisted original/Noto-derived asset; recorded separately
source/forecastcondition.cpp,5942,68c7073563cc51afbfcda9185647e11a204ed4b8298240cade4b12e761f17f80,Manual provenance review; no recognized notice in file
source/homebrew/contentlauncher.cpp,12570,fbf2b5c84e598a2bf2608747eb6aecd592709db48f241c286c2c7353cfa88871,Manual provenance review; no recognized notice in file
source/homebrew/contentlauncher.h,973,3c512d4df4135e03bbd136459f970ba505ea735afc3e99faaed991a8f11b10fe,Manual provenance review; no recognized notice in file
source/homebrew/homebrewbanner.cpp,4192,516fe021b1299fd170a245156208afe12b4ea1e46091fde8e5eba4d55a207241,Permissive renderer/TinyXML-style notice; origins still reviewed
source/homebrew/homebrewbanner.h,1794,4d354acc50d81bce54e64cb551203327e973e59253115aff5c1faf930d4ec4e6,Permissive renderer/TinyXML-style notice; origins still reviewed
source/main.cpp,7458,a215deebefe89a8837ae11e5c28888a902389a26607c8cc65df80b86cb1f0b0b,Permissive renderer/TinyXML-style notice; origins still reviewed
source/original-icon.png,809,df3531e9ec7346df6f477131c8e5d2565da61b9126d47b11d3bf53d8987363e0,Allowlisted original/Noto-derived asset; recorded separately
source/recovery.cpp,8865,424b72b49f8ec73fc35c5d50afbac387968df20d8e598e20a685572ec152abf5,Manual provenance review; no recognized notice in file
source/recovery.h,256,321ef804bbfc7e46eb47138fee954b5a2e14aa9de851937dd65137b9c6bfb310,Manual provenance review; no recognized notice in file
source/replacementactivity.cpp,7555,ae5e985cfc4cf389057c3488f516196699915435cdc9672914a28eed2eb9d47b,Manual provenance review; no recognized notice in file
source/replacementactivity.h,857,93d271b58e0f3c7ecc225e94b521dda80e35863561843347aa359e9abeedfbd0,Manual provenance review; no recognized notice in file
source/settings.cpp,12360,fcb4f5e9bb89ed9bb3cebd11a03d6a02b2aa3a743eb3c03f49d3a07d4961742c,Permissive renderer/TinyXML-style notice; origins still reviewed
source/settings.h,3765,15be3aaf2d492fcd945d11a54ca0cdfa85de7272386582de60cb9e17014bcade,Permissive renderer/TinyXML-style notice; origins still reviewed
source/third_party/monocypher/LICENCE.md,9256,a5781770269d2516e52ba4863f790c10a16da4089a1e81823aee19ff1e9026b0,Manual provenance review; no recognized notice in file
source/third_party/monocypher/monocypher-ed25519.c,16526,ce0d2f8e32ca8f66398ba5b3456cc74327c3eff14e7b950ce7d57be9025cc453,Monocypher BSD-2-Clause OR CC0-1.0 notice
source/third_party/monocypher/monocypher-ed25519.h,5451,3a3035181f991a158d0e1c7567258f0bae8ba0f1f23c5512b4a1db1b3c9730ce,Monocypher BSD-2-Clause OR CC0-1.0 notice
source/third_party/monocypher/monocypher.c,102582,f1f838cdd483bdebe0df0ff5c5ed60535e496f769c6a2f933ac4c0b114207123,Monocypher BSD-2-Clause OR CC0-1.0 notice
source/third_party/monocypher/monocypher.h,12177,fcaf6ed771358bb4f40fba016f6518ae86ec02b1b877d2cc35ad92d3a26fd7b3,Monocypher BSD-2-Clause OR CC0-1.0 notice
source/tinyxml/tinyxml.cpp,37765,8b8c7d986155a05b31ab51876decc8291f6d4ff43510005e9783ba13c02fb9e6,Permissive renderer/TinyXML-style notice; origins still reviewed
source/tinyxml/tinyxml.h,64581,088ff116e46501b95d5f90a7f002c0a25eb1d23df3f993dcc3d96065282a9f9d,Permissive renderer/TinyXML-style notice; origins still reviewed
source/tinyxml/tinyxmlerror.cpp,1787,ae714cde82184a91efe0440196703296de1a0db6d58df4a2157c8dbd4819233b,Permissive renderer/TinyXML-style notice; origins still reviewed
source/tinyxml/tinyxmlparser.cpp,37225,0a2fff2d1b28047e1c1670cc69459f6c700069b97c00615c62441ece817064d2,Permissive renderer/TinyXML-style notice; origins still reviewed
source/updatekey.h,369,2691ab62f5091f46d8d7030b387eb345d2f949206a25ac42ce04ebe4f077f13a,Manual provenance review; no recognized notice in file
source/utils/DirList.cpp,4706,d7392e078c17f96f764c069064d913b497717511f3099d423db75500b2adc68b,Permissive renderer/TinyXML-style notice; origins still reviewed
source/utils/DirList.h,3195,67ac4c7542a175a0f9f553026e8fa44850871feb6a89b01b4f1720f8af28d9bb,Permissive renderer/TinyXML-style notice; origins still reviewed
source/utils/File.cpp,1771,8e25a256e47e7da46cec7d2861aaf1930677f44ea36007ee0e7e1294cb8f6137,Manual provenance review; no recognized notice in file
source/utils/File.hpp,659,5cde2efc00f74eee7e62af2eb642c243e9417232d61bd12d7b69fff21e3a8e0f,Manual provenance review; no recognized notice in file
source/utils/ImageWrite.c,1536,3d2e7292d07939e342b13130b1629997add9ffbf1fe49209197f4898868e1010,Permissive renderer/TinyXML-style notice; origins still reviewed
source/utils/ImageWrite.h,1675,6ff6fdff78f421fc6766b42603a74bdc5f6055645b10b7e797236820ee41ae92,Permissive renderer/TinyXML-style notice; origins still reviewed
source/utils/TextureConverter.c,12521,5aa1bb88be2475e9e1e49217a4420a8155ac3bdd13d1de08bdee1957bd8a16dc,Permissive renderer/TinyXML-style notice; origins still reviewed
source/utils/TextureConverter.h,2395,15c10a973ae8e02ded71f89462edc8deee3553ccece441ae9eedda8892c56358,Permissive renderer/TinyXML-style notice; origins still reviewed
source/utils/U8Archive.cpp,20507,9875ab4010f81d466d0f989cce9c9ea3c7096a78e7cfe0c6ecb25fe9e03c1669,Permissive renderer/TinyXML-style notice; origins still reviewed
source/utils/U8Archive.h,5317,cc12e077b17ba3605a955eaf2dccf8f7da6a29b73f1409efc50f8ed41a351e9d,Permissive renderer/TinyXML-style notice; origins still reviewed
source/utils/ash.cpp,6162,72e6ac4d07a7d0943b71c19c4f53893a2b7b151110f94bf06cfd4f336756e592,ASH cited MIT origin; exact upstream notice needed
source/utils/ash.h,403,70b8b9ba67a9edba011ae5b1854803502502d8d3e8b240f9a43a5842f2b0cbe5,Manual provenance review; no recognized notice in file
source/utils/char16.cpp,4078,42227faba62f74049c094d9bc5dad1e445a9e90e6e39eb654fac23541997df0d,GPL-v2 notice; combined-distribution review required
source/utils/char16.h,1237,cf981c13947db58b3c59ebbb8d19d5b548c8f2becc2bafe7b8fc813162755786,Manual provenance review; no recognized notice in file
source/utils/crc32.cpp,3362,d19aeae263bae20ce74693ad4299b7b2fd400c7d386ce4482ff7b53e9e4b8c27,Manual provenance review; no recognized notice in file
source/utils/crc32.h,114,279096fa991a34dae8c7b9bb29ef7931426900ad027e3fd7218f1ea0350b96be,Manual provenance review; no recognized notice in file
source/utils/fileops.cpp,9841,30378b6d246d264d0ce617f973620bdc9ac9c528c014bc5384b6985fde7c008b,Permissive renderer/TinyXML-style notice; origins still reviewed
source/utils/fileops.h,1821,f0950aaf4611185facbd23f2d957701fe5ab22b9019c7dffe3efae4cd99397eb,Permissive renderer/TinyXML-style notice; origins still reviewed
source/utils/fixedname.h,1196,adadab51e4e264a14443f4d126333035cc8442f5d3b40ddeb1443a3fb79dbcbd,Manual provenance review; no recognized notice in file
source/utils/gecko.c,2461,530644ff727cc1322f8e817176e3e9cdfcbbfad13962deb734589319b6a28dd4,Manual provenance review; no recognized notice in file
source/utils/gecko.h,407,80d88de074340c497add4e8466274c44ae081e94b6846bf2eaa1ee29401e9488,Manual provenance review; no recognized notice in file
source/utils/gx_addons.c,1374,786db0e4d0a2b7a8123a3310e08c160b2fab24138888ff239cd5986c343bcf79,Manual provenance review; no recognized notice in file
source/utils/gx_addons.h,361,6e16d2b8bafda8c4f7fc78a874cf5090610fb81d760f2ca75340259cb47074c4,Manual provenance review; no recognized notice in file
source/utils/list.h,2068,474dab3b10fe02c4f06f26b903ef00d582e9e0ceae9247452d310a6a744a5b90,Manual provenance review; no recognized notice in file
source/utils/localuiassets.cpp,3252,19421e41b105dcf497bd7050bb2b35b270e2c4553cc3f1b3d2c342d7028c6809,Manual provenance review; no recognized notice in file
source/utils/localuiassets.h,419,fe87509f73394520443a191dadf5bcc34705a217e1954878aa37959d2be593de,Manual provenance review; no recognized notice in file
source/utils/lz77.c,4127,7871af44fc2cefe0a9f3148a77ec0586b150b1b5b68e2c49f484112c757b6169,GPL-v2 notice; combined-distribution review required
source/utils/lz77.h,823,897ee9854d60a2c323e6ccdea1dfc4333e51aebd4a37077e526c3fad3f4d3247,GPL-v2 notice; combined-distribution review required
source/utils/magicpatcher.cpp,6959,3680ac26a0d775d4d1ff5bac396bdcee999e40f29fba27bd55714a44400e8093,Manual provenance review; no recognized notice in file
source/utils/magicpatcher.h,763,1cf3e66e344482b747f59d57fd33e463c99ba4dfacc42fe93f7551f079f09bc5,Manual provenance review; no recognized notice in file
source/utils/md5.cpp,10854,a76365410abc39a3763c5aa1054b062f63207e5a6e8ba15ba5e477234b11a40c,RSA MD5 notice; attribution required
source/utils/md5.h,3282,f241325812a326884e78dc9f7c648638ddcebcae59847c21e600f9fd2685ad3e,RSA MD5 notice; attribution required
source/utils/nandskinzip.cpp,2829,aa971e3c2f41544a184142f193b7b8d804acbd919cd7ecca967743f930a0db05,Manual provenance review; no recognized notice in file
source/utils/nandskinzip.h,252,3bc58ca92b9ce260ed6ba29f12080c8934d36a8b9f6632250d2a33b243ab158a,Manual provenance review; no recognized notice in file
source/utils/nandtitle.cpp,12302,26239f701db7b36d0ae7f8ab1bdfa3ef4fa636ae93c2700814fc47fca7a56b67,Manual provenance review; no recognized notice in file
source/utils/nandtitle.h,2308,27c9432b86be708fb5a2ad47210235fc64fb0a8fb7b824099857f7ae0b88abb8,Manual provenance review; no recognized notice in file
source/utils/sc.cpp,979,7b02330d72de61cd2eee34185c8b5aff7865a62a9e0fd11373971a970798d44a,Manual provenance review; no recognized notice in file
source/utils/sc.h,335,a7212d05df69ec10b7fc0efc02d543dd172ce657ce189dc47e6c5bcfe57a150e,Manual provenance review; no recognized notice in file
source/utils/sha1.c,9962,4b6faf9a8e745add7a5fd36e64d18d33f949d40e27612b21c6bb03442e68cf5c,Copyright only; upstream grant needed
source/utils/sha1.h,990,d651365f8a5f0498fbc740e1bc1d248651db1222df94503bfa45d1cf9f9b0e6f,Manual provenance review; no recognized notice in file
source/utils/shape.cpp,20,0881d3dbc81f066dc69c48ac34d11a4f12899c526f099c795c736313c6d2f667,Manual provenance review; no recognized notice in file
source/utils/shape.h,2673,9915098dbf2c92d065b1a3e9d20fb0560c1835059eb8ed7cc0195d8945a663de,Manual provenance review; no recognized notice in file
source/utils/sigslot.h,64775,e22213d897057410cd37cc36c2a6bd823db5d244b40298fe784561f9fc6ce542,Public-domain notice
source/utils/timer.c,2936,8ab822a46c6fd21cf2b909e8e6abace0a2aa1d32326b9065f6eed49fa7d3af57,Permissive renderer/TinyXML-style notice; origins still reviewed
source/utils/timer.h,2059,fcf0dc230d451b32cd3f3965ab2f46755b19318d163e2d025789d484b4db7409,Permissive renderer/TinyXML-style notice; origins still reviewed
source/utils/tools.h,1106,5e52f77ec5ac648842e5328c21ad3627ab5756c30243a345bbd40478d53b406c,Manual provenance review; no recognized notice in file
source/utils/updateformat.cpp,6200,6035b87bea205c538c929372b2da20ea021ef086904949a0fddf2c789581684d,Manual provenance review; no recognized notice in file
source/utils/updateformat.h,821,11d1f89461d259f9e0d456fc7ce165eb3e546e8092a768e35380618af112d99a,Manual provenance review; no recognized notice in file
source/video.cpp,16514,ac89b8561fbcad91b14e46ad838e7c2c1d0202067c9cb9c54f12e0d210bf84c7,Permissive renderer/TinyXML-style notice; origins still reviewed
source/video.h,1013,5b70b8ffc628760d19cf64bd81e1c71b3df2b75a32ee894541161b95432a7377,Manual provenance review; no recognized notice in file
source/wsmversion.h,370,6793e6ff99ccd03b671f3a6fbfb6c2a05c48df5ce247051ede83b3bf0c9645b5,Manual provenance review; no recognized notice in file
README.md,3643,0c657c5307b6d72fd8b7ca54683bea7a85fde8acdb5b6f3e5f560524ee429c64,GPL-v2 notice; combined-distribution review required
REVIEW.md,2721,136a8418e66a251395d02f054300095a8f10953e8e8a1ddef3271390b6705cdf,Manual provenance review; no recognized notice in file
.gitignore,216,059d8cb0653d2d7f674a8f0ce9cedfb63dcb3093dbbecd3486b22680cc8a7ebe,Manual provenance review; no recognized notice in file
LICENSES/OFL-Noto-CJK.txt,4301,6a73f9541c2de74158c0e7cf6b0a58ef774f5a780bf191f2d7ec9cc53efe2bf2,Manual provenance review; no recognized notice in file
LICENSES/OFL-Noto.txt,4377,0dab92d0544f7b233403f14b84a663bdbfa746982eda629e7f4f9ffe1b036feb,Manual provenance review; no recognized notice in file
LICENSES/Renderer.txt,945,b76b2d1fccbb57e6e3fedab0763fec13fc86ae0c4ae4c89accbaea703a1af6ee,Permissive renderer/TinyXML-style notice; origins still reviewed
